{
  "trackDurations": {
    "/assets/a_01_01.mp3": 279.902041,
    "/assets/a_01_02.mp3": 238.497959,
    "/assets/a_01_03.mp3": 86.334694,
    "/assets/a_02_01.mp3": 247.152,
    "/assets/a_02_02.mp3": 180.976327,
    "/assets/a_02_03.mp3": 238.471837,
    "/assets/a_03_01.mp3": 222.119184,
    "/assets/a_03_02.mp3": 246.282449,
    "/assets/a_04_01.mp3": 704.078367,
    "/assets/a_04_02.mp3": 1411.578776
  },
  "chapterDurations": [
    604.734694,
    666.600164,
    468.401633,
    2115.657143
  ],
  "totalDuration": 3855.393634,
  "calculatedAt": "2025-11-24T23:40:33.918Z"
}